{
  "id_formular": "",
  "name_formular": "Angaben der versicherten Person",
  "description": "",
  "data": {
    "signature": {
      "signed_place": "Niederhasli",
      "signed_date": "den 23. September 2025"
    },
    "period_paid": {
      "month": "September",
      "year": "2025"
    },
    "RAV": {
      "company_name": "RAV",
      "postal_address": {
        "country_code": "CH",
        "zip": "8105",
        "town": "Regensdorf",
        "city": "Zurich",
        "street_name": "Althardstrasse",
        "house_number": "10"
      }
    },
    "insurance_company": {
      "number_company": "60",
      "zahlstelle": "725"
    },
    "insured": {
      "gender": "man",
      "family_name": "Polianskyi",
      "first_name": "Illia",
      "birth_date": "27. Oktober 1977",
      "ahv_number": "756.0945.7424.32",
      "mobile": "+41 76 207 24 68",
      "postal_address": {
        "country_code": "CH",
        "zip": "8155",
        "town": "Niederhasli",
        "city": "Zurich",
        "street_name": "Rooswiesenstrasse",
        "house_number": "11"
      }
    },
    "formular": {
      "1.": {
        "question": "Haben Sie bei einem oder mehreren Arbeitgebern gearbeitet?",
        "answer": false,
        "answer_condition": {
          "0": {
            "employer": "",
            "start_freetext": "",
            "end_freetext": "",
            "start_utc_datestamp_seconds": "",
            "end_utc_datestamp_seconds": ""
          },
          "1": {
            "employer": "",
            "start_freetext": "",
            "end_freetext": "",
            "start_utc_datestamp_seconds": "",
            "end_utc_datestamp_seconds": ""
          }
        }
      },
      "2.": {
        "question": "Haben Sie eine selbständige Erwerbstätigkeit ausgeübt?",
        "answer": false,
        "answer_condition": {
          "0": {
            "start_freetext": "",
            "end_freetext": "",
            "start_utc_datestamp_seconds": "",
            "end_utc_datestamp_seconds": ""
          }
        }
      },
      "3.": {
        "question": "Haben Sie an einer arbeitsmarktlichen Massnahme teilgenommen? (z.B. Kurs, Programm zur vorübergehenden Beschäftigung, Praktikum)",
        "answer": true
      },
      "4.": {
        "parent_layout_block": "4.",
        "question": "Waren Sie arbeitsunfähig?",
        "answer": false,
        "answer_condition": {
          "Meldung": {
            "description": "Meldung",
            "am": "",
            "an": ""
          },
          "Wegen Krankheit": {
            "description": "Wegen Krankheit",
            "start_freetext": "",
            "end_freetext": "",
            "start_utc_datestamp_seconds": "",
            "end_utc_datestamp_seconds": ""
          },
          "Wegen Unfall": {
            "description": "Wegen Unfall",
            "start_freetext": "",
            "end_freetext": "",
            "start_utc_datestamp_seconds": "",
            "end_utc_datestamp_seconds": ""
          },
          "Aus anderen Gründen?": {
            "description": "Aus anderen Gründen?",
            "reason": "",
            "start_freetext": "",
            "end_freetext": "",
            "start_utc_datestamp_seconds": "",
            "end_utc_datestamp_seconds": ""
          }
        }
      },
      "4.2.": {
        "parent_layout_block": "4.",
        "without_number": true,
        "question": "Waren Sie arbeitsunfähig?",
        "answer": false
      },
      "5a.": {
        "parent_layout_block": "5.",
        "question": "Haben Sie Militär- oder Zivildienst, resp. Zivilschutz geleistet?",
        "answer": true,
        "answer_condition": {
          "0": {
            "start_freetext": "2003",
            "end_freetext": "2005",
            "start_utc_datestamp_seconds": "",
            "end_utc_datestamp_seconds": ""
          }
        }
      },
      "5b.": {
        "parent_layout_block": "5.",
        "question": "Haben Sie Mutterschafts- oder Vaterschaftsurlaub bezogen?",
        "answer": false,
        "answer_condition": {
          "0": {
            "start_freetext": "",
            "end_freetext": "",
            "start_utc_datestamp_seconds": "",
            "end_utc_datestamp_seconds": ""
          }
        }
      },
      "6a.": {
        "parent_layout_block": "6.",
        "question": "Waren Sie in den Ferien?",
        "answer": false,
        "answer_condition": {
          "0": {
            "start_freetext": "",
            "end_freetext": "",
            "start_utc_datestamp_seconds": "",
            "end_utc_datestamp_seconds": ""
          }
        }
      },
      "6b.": {
        "parent_layout_block": "6.",
        "question": "Waren Sie aus anderen Gründen abwesend?",
        "answer": false,
        "answer_condition": {
          "0": {
            "why": "",
            "start_freetext": "",
            "end_freetext": "",
            "start_utc_datestamp_seconds": "",
            "end_utc_datestamp_seconds": ""
          }
        }
      },
      "7a.": {
        "parent_layout_block": "7.",
        "question": "Hat sich Ihre Unterhaltspflicht oder diejenige Ihres Ehegatten/Ihrer Ehegattin oder Ihres/Ihrer eingetragenen Partners/Partnerin gegenüber Kindern unter 18 Jahren oder Kindern in Ausbildung verändert?",
        "answer": false
      },
      "7b.": {
        "parent_layout_block": "7.",
        "question": "Hat eine andere Person (z.B. anderer Elternteil) Anspruch auf Kinder- und/oder Ausbildungszulagen?",
        "answer": false
      },
      "8.": {
        "question": "Haben Sie Leistungen einer anderen in- oder ausländischen Sozialversicherung verlangt oder erhalten (z.B. Krankentaggeld, IV, SUVA, berufliche Vorsorge, AHVRentenvorbezug, EO)",
        "answer": false
      },
      "9.": {
        "question": "Suchen Sie im gleichen Umfang (%) Arbeit wie im Vormonat?",
        "answer": true,
        "answer_condition": {
          "0": {
            "work_time_percentage": "40%",
            "start_freetext": "gleich",
            "start_utc_datestamp_seconds": ""
          }
        }
      },
      "10.": {
        "question": "Sind Sie weiterhin arbeitslos?",
        "answer": true,
        "answer_condition": {
          "0": {
            "start_freetext": "",
            "start_utc_datestamp_seconds": ""
          }
        }
      },
      "Bemerkungen": {
        "answer": "Ich habe freiwillige Volunteer Arbeit geleistet Vollzeit mehrere ArbeitsWochen, und kostenlose OpenSource Projekte publiziert für Sites, in denen ich mehr als 20 Jahren ArbeitsErfahrungen habe."
      }
    }
  }
}


