<conf>
  <conf-idm path="/usr/lib/jaisocx-http/apps/congratulations/conf/idm-conf.xml" />
  <conf-http>
    <servers>
          <server
              port="2233"
              alternative-port="2232"
              secure="false">

                <domain 
                    name="localhost"
                    document-root="/var/www"
                    publish-charset="UTF-8"
                    src-charset="UTF-8">

                  <alias art="file"
                         url="/favicon.ico"
                         path="/var/www/favicon/alv_favicon.ico"
                         cache="cache" />

                  <alias art="folder"
                         url="/favicon/"
                         path="/var/www/favicon/"
                         cache="cache"
                         list="true"
                         each-folder-content-file-name="index.html" />

                  <alias art="folder"
                         url="/jaisocx/"
                         path="/var/www/node_modules/@jaisocx"
                         cache="cache"
                         list="true"
                         each-folder-content-file-name="index.html" />

                  <alias art="folder"
                         url="/fonts/"
                         path="/var/www/fonts/"
                         cache="cache"
                         list="true"
                         each-folder-content-file-name="index.html" />

                  <alias art="folder"
                         url="/Formular/"
                         path="/var/www/Formular/"
                         cache="update"
                         list="true"
                         each-folder-content-file-name="index.html" />

                  <alias art="folder"
                         url="/pdf_doc/"
                         path="/var/pdf_doc/"
                         cache="update"
                         list="true"
                         each-folder-content-file-name="index.html" />
                </domain>
            </server>
        </servers>
    </conf-http>
</conf>


